model,bt_strength,elo,n_wins
claude-sonnet-4-6,1.1752230911714354,1528.0481264109787,9.0
gpt-4o-mini,1.1594018724245954,1525.6935989669503,14.0
claude-haiku-4-5,0.6653750364039698,1429.226601176765,8.0
