judge_model,a_pick_rate,flip_rate
claude-haiku-4-5,0.7083333333333334,0.41666666666666663
claude-sonnet-4-6,0.6166666666666667,0.2666666666666667
gpt-4o-mini,0.35833333333333334,0.4833333333333333
